{
  "view/Worklist.view.xml": 1657473731771,
  "controller/BaseController.js": 1657472402144,
  "utils/locate-reuse-libs.js": 1657472402140,
  "model/models.js": 1657472402140,
  "model/formatter.js": 1657472402152,
  "controller/Worklist.controller.js": 1657472402148,
  "controller/Object.controller.js": 1657472402148,
  "controller/NotFound.controller.js": 1657472402148,
  "controller/ErrorHandler.js": 1657472402144,
  "manifest.json": 1657505520293,
  "controller/App.controller.js": 1657472402144,
  "Component.js": 1657472402132,
  "manifest-bundle.zip": 1657505520304,
  "Component-preload.js": 1657505520633,
  "controller/App-dbg.controller.js": 1657472402144,
  "model/formatter-dbg.js": 1657472402152,
  "utils/locate-reuse-libs-dbg.js": 1657472402140,
  "controller/Worklist-dbg.controller.js": 1657472402148,
  "controller/Object-dbg.controller.js": 1657472402148,
  "controller/NotFound-dbg.controller.js": 1657472402148,
  "controller/ErrorHandler-dbg.js": 1657472402144,
  "controller/BaseController-dbg.js": 1657472402144,
  "model/models-dbg.js": 1657472402140,
  "Component-dbg.js": 1657472402132,
  "i18n/i18n.properties": 1657472402136,
  "view/ObjectNotFound.view.xml": 1657472402156,
  "view/Object.view.xml": 1657473556019,
  "view/NotFound.view.xml": 1657472402152,
  "view/App.view.xml": 1657472402152,
  "index.html": 1657472402136
}